winner,turns,win_rate
Random,33,1.0
CardCounter,15,0.5
Random,33,0.6666666666666666
CardCounter,79,0.5
Random,15,0.6
Random,44,0.6666666666666666
CardCounter,94,0.5714285714285714
Random,18,0.625
Random,57,0.6666666666666666
Random,44,0.7
CardCounter,26,0.6363636363636364
CardCounter,11,0.5833333333333334
CardCounter,16,0.5384615384615384
CardCounter,43,0.5
CardCounter,12,0.4666666666666667
CardCounter,23,0.4375
CardCounter,40,0.4117647058823529
Random,48,0.4444444444444444
Random,19,0.47368421052631576
Random,92,0.5
Random,33,0.5238095238095238
CardCounter,33,0.5
CardCounter,14,0.4782608695652174
CardCounter,15,0.4583333333333333
CardCounter,44,0.44
CardCounter,49,0.4230769230769231
CardCounter,174,0.4074074074074074
CardCounter,99,0.39285714285714285
CardCounter,8,0.3793103448275862
Random,32,0.4
CardCounter,30,0.3870967741935484
CardCounter,33,0.375
Random,37,0.3939393939393939
CardCounter,17,0.38235294117647056
CardCounter,32,0.37142857142857144
CardCounter,13,0.3611111111111111
Random,29,0.3783783783783784
Random,40,0.39473684210526316
Random,15,0.41025641025641024
CardCounter,25,0.4
CardCounter,16,0.3902439024390244
CardCounter,15,0.38095238095238093
Random,81,0.3953488372093023
CardCounter,33,0.38636363636363635
CardCounter,20,0.37777777777777777
CardCounter,19,0.3695652173913043
Random,39,0.3829787234042553
Random,16,0.3958333333333333
Random,19,0.40816326530612246
Random,52,0.42
Random,19,0.43137254901960786
CardCounter,25,0.4230769230769231
Random,17,0.4339622641509434
Random,16,0.4444444444444444
Random,77,0.45454545454545453
Random,38,0.4642857142857143
CardCounter,64,0.45614035087719296
Random,44,0.46551724137931033
Random,29,0.4745762711864407
CardCounter,19,0.4666666666666667
Random,13,0.47540983606557374
CardCounter,91,0.46774193548387094
Random,57,0.47619047619047616
CardCounter,33,0.46875
CardCounter,14,0.46153846153846156
Random,36,0.4696969696969697
CardCounter,32,0.4626865671641791
Random,42,0.47058823529411764
CardCounter,32,0.463768115942029
CardCounter,59,0.45714285714285713
CardCounter,16,0.4507042253521127
CardCounter,21,0.4444444444444444
Random,17,0.4520547945205479
Random,28,0.4594594594594595
CardCounter,14,0.4533333333333333
Random,20,0.4605263157894737
Random,59,0.4675324675324675
CardCounter,59,0.46153846153846156
CardCounter,18,0.45569620253164556
Random,18,0.4625
CardCounter,40,0.4567901234567901
CardCounter,17,0.45121951219512196
CardCounter,36,0.4457831325301205
CardCounter,101,0.44047619047619047
CardCounter,22,0.43529411764705883
Random,50,0.4418604651162791
Random,25,0.4482758620689655
Random,22,0.45454545454545453
CardCounter,12,0.449438202247191
CardCounter,13,0.4444444444444444
CardCounter,30,0.43956043956043955
CardCounter,35,0.43478260869565216
Random,59,0.44086021505376344
Random,66,0.44680851063829785
Random,127,0.45263157894736844
CardCounter,25,0.4479166666666667
CardCounter,42,0.44329896907216493
Random,30,0.4489795918367347
Random,53,0.45454545454545453
Random,40,0.46
CardCounter,38,0.45544554455445546
Random,34,0.46078431372549017
CardCounter,26,0.4563106796116505
CardCounter,19,0.4519230769230769
CardCounter,14,0.44761904761904764
CardCounter,19,0.44339622641509435
CardCounter,50,0.4392523364485981
CardCounter,25,0.4351851851851852
Random,49,0.44036697247706424
Random,38,0.44545454545454544
Random,27,0.45045045045045046
CardCounter,21,0.44642857142857145
Random,43,0.45132743362831856
Random,14,0.45614035087719296
Random,25,0.4608695652173913
CardCounter,13,0.45689655172413796
CardCounter,34,0.452991452991453
Random,14,0.4576271186440678
Random,49,0.46218487394957986
Random,38,0.4666666666666667
CardCounter,66,0.4628099173553719
CardCounter,25,0.45901639344262296
CardCounter,64,0.45528455284552843
Random,64,0.4596774193548387
Random,65,0.464
Random,28,0.46825396825396826
CardCounter,14,0.4645669291338583
CardCounter,15,0.4609375
CardCounter,60,0.4573643410852713
CardCounter,53,0.45384615384615384
CardCounter,14,0.45038167938931295
CardCounter,135,0.44696969696969696
Random,31,0.45112781954887216
CardCounter,41,0.44776119402985076
Random,113,0.45185185185185184
Random,74,0.45588235294117646
CardCounter,20,0.45255474452554745
Random,38,0.45652173913043476
CardCounter,14,0.45323741007194246
CardCounter,47,0.45
Random,15,0.45390070921985815
CardCounter,83,0.4507042253521127
Random,13,0.45454545454545453
CardCounter,73,0.4513888888888889
Random,31,0.45517241379310347
CardCounter,21,0.4520547945205479
CardCounter,32,0.4489795918367347
CardCounter,27,0.44594594594594594
Random,27,0.44966442953020136
Random,38,0.4533333333333333
CardCounter,16,0.4503311258278146
CardCounter,63,0.4473684210526316
CardCounter,14,0.4444444444444444
CardCounter,65,0.44155844155844154
Random,17,0.44516129032258067
CardCounter,31,0.4423076923076923
Random,33,0.445859872611465
CardCounter,51,0.4430379746835443
CardCounter,86,0.44025157232704404
CardCounter,25,0.4375
CardCounter,46,0.43478260869565216
Random,14,0.4382716049382716
CardCounter,58,0.43558282208588955
Random,34,0.43902439024390244
CardCounter,14,0.43636363636363634
Random,74,0.4397590361445783
Random,47,0.4431137724550898
Random,16,0.44642857142857145
Random,31,0.44970414201183434
CardCounter,21,0.4470588235294118
Random,23,0.4502923976608187
CardCounter,17,0.4476744186046512
Random,87,0.4508670520231214
CardCounter,29,0.4482758620689655
Random,53,0.4514285714285714
Random,26,0.45454545454545453
CardCounter,40,0.4519774011299435
CardCounter,69,0.449438202247191
Random,51,0.45251396648044695
Random,26,0.45555555555555555
CardCounter,34,0.4530386740331492
CardCounter,19,0.45054945054945056
Random,27,0.453551912568306
CardCounter,25,0.45108695652173914
Random,49,0.4540540540540541
Random,48,0.45698924731182794
Random,33,0.45989304812834225
CardCounter,25,0.4574468085106383
Random,65,0.4603174603174603
CardCounter,41,0.45789473684210524
Random,23,0.4607329842931937
Random,42,0.4635416666666667
Random,49,0.46632124352331605
CardCounter,53,0.4639175257731959
Random,67,0.4666666666666667
CardCounter,15,0.4642857142857143
CardCounter,46,0.4619289340101523
CardCounter,13,0.4595959595959596
CardCounter,10,0.457286432160804
CardCounter,21,0.455
Random,59,0.4577114427860697
Random,76,0.4603960396039604
CardCounter,12,0.458128078817734
CardCounter,69,0.45588235294117646
CardCounter,26,0.45365853658536587
Random,18,0.4563106796116505
Random,25,0.45893719806763283
CardCounter,15,0.4567307692307692
CardCounter,14,0.45454545454545453
CardCounter,21,0.4523809523809524
Random,29,0.4549763033175355
Random,28,0.45754716981132076
Random,23,0.460093896713615
CardCounter,21,0.45794392523364486
Random,113,0.4604651162790698
Random,50,0.46296296296296297
CardCounter,12,0.4608294930875576
CardCounter,65,0.45871559633027525
CardCounter,33,0.45662100456621
Random,14,0.4590909090909091
CardCounter,12,0.45701357466063347
CardCounter,51,0.45495495495495497
CardCounter,28,0.452914798206278
CardCounter,13,0.45089285714285715
CardCounter,20,0.4488888888888889
Random,28,0.45132743362831856
CardCounter,42,0.44933920704845814
CardCounter,99,0.4473684210526316
Random,67,0.4497816593886463
Random,20,0.45217391304347826
CardCounter,44,0.45021645021645024
Random,18,0.4525862068965517
Random,19,0.45493562231759654
Random,32,0.45726495726495725
CardCounter,17,0.4553191489361702
CardCounter,17,0.4533898305084746
CardCounter,128,0.45147679324894513
Random,38,0.453781512605042
CardCounter,56,0.45188284518828453
Random,76,0.45416666666666666
CardCounter,26,0.45228215767634855
CardCounter,23,0.45041322314049587
CardCounter,12,0.448559670781893
Random,18,0.45081967213114754
CardCounter,12,0.4489795918367347
Random,42,0.45121951219512196
Random,79,0.4534412955465587
Random,16,0.45564516129032256
CardCounter,40,0.4538152610441767
CardCounter,63,0.452
Random,47,0.4541832669322709
Random,16,0.45634920634920634
CardCounter,20,0.45454545454545453
Random,18,0.4566929133858268
CardCounter,18,0.4549019607843137
CardCounter,25,0.453125
CardCounter,20,0.45136186770428016
CardCounter,27,0.4496124031007752
Random,33,0.4517374517374517
Random,14,0.45384615384615384
Random,15,0.4559386973180077
CardCounter,31,0.4541984732824427
CardCounter,22,0.4524714828897338
Random,18,0.45454545454545453
CardCounter,40,0.4528301886792453
Random,12,0.4548872180451128
CardCounter,48,0.45318352059925093
CardCounter,55,0.45149253731343286
Random,51,0.45353159851301117
CardCounter,13,0.45185185185185184
Random,11,0.45387453874538747
CardCounter,33,0.4522058823529412
CardCounter,12,0.45054945054945056
CardCounter,65,0.4489051094890511
Random,11,0.4509090909090909
Random,28,0.4528985507246377
CardCounter,22,0.45126353790613716
Random,26,0.45323741007194246
Random,17,0.4551971326164875
CardCounter,47,0.45357142857142857
Random,79,0.4555160142348754
CardCounter,79,0.45390070921985815
CardCounter,21,0.45229681978798586
Random,12,0.45422535211267606
Random,31,0.45614035087719296
CardCounter,25,0.45454545454545453
CardCounter,10,0.4529616724738676
Random,52,0.4548611111111111
CardCounter,26,0.4532871972318339
CardCounter,19,0.4517241379310345
CardCounter,14,0.45017182130584193
Random,28,0.4520547945205479
CardCounter,90,0.45051194539249145
CardCounter,79,0.4489795918367347
CardCounter,24,0.44745762711864406
CardCounter,75,0.44594594594594594
CardCounter,46,0.4444444444444444
Random,48,0.4463087248322148
CardCounter,18,0.44481605351170567
CardCounter,19,0.44333333333333336
Random,51,0.44518272425249167
CardCounter,37,0.44370860927152317
CardCounter,30,0.44224422442244227
CardCounter,25,0.4407894736842105
Random,21,0.4426229508196721
Random,12,0.4444444444444444
Random,43,0.44625407166123776
CardCounter,35,0.4448051948051948
Random,51,0.44660194174757284
CardCounter,63,0.44516129032258067
CardCounter,22,0.4437299035369775
CardCounter,69,0.4423076923076923
Random,77,0.4440894568690096
Random,64,0.445859872611465
Random,13,0.44761904761904764
CardCounter,45,0.4462025316455696
Random,61,0.4479495268138801
CardCounter,13,0.44654088050314467
Random,23,0.4482758620689655
CardCounter,19,0.446875
Random,117,0.4485981308411215
Random,26,0.4503105590062112
CardCounter,32,0.44891640866873067
CardCounter,21,0.44753086419753085
CardCounter,130,0.4461538461538462
CardCounter,35,0.4447852760736196
Random,85,0.44648318042813456
CardCounter,33,0.4451219512195122
CardCounter,26,0.44376899696048633
Random,62,0.44545454545454544
Random,27,0.4471299093655589
Random,24,0.44879518072289154
CardCounter,60,0.44744744744744747
CardCounter,13,0.44610778443113774
CardCounter,48,0.44477611940298506
CardCounter,25,0.44345238095238093
CardCounter,52,0.4421364985163205
CardCounter,17,0.4408284023668639
CardCounter,16,0.43952802359882004
CardCounter,15,0.43823529411764706
CardCounter,58,0.436950146627566
CardCounter,59,0.43567251461988304
Random,21,0.43731778425655976
CardCounter,21,0.436046511627907
CardCounter,54,0.43478260869565216
CardCounter,13,0.43352601156069365
Random,25,0.43515850144092216
CardCounter,147,0.4339080459770115
Random,15,0.4355300859598854
CardCounter,41,0.4342857142857143
CardCounter,28,0.43304843304843305
CardCounter,13,0.4318181818181818
CardCounter,22,0.43059490084985835
CardCounter,63,0.4293785310734463
Random,135,0.4309859154929577
Random,68,0.43258426966292135
CardCounter,34,0.43137254901960786
CardCounter,25,0.4301675977653631
Random,51,0.43175487465181056
CardCounter,45,0.4305555555555556
Random,83,0.43213296398891965
CardCounter,17,0.430939226519337
Random,129,0.4325068870523416
Random,18,0.4340659340659341
CardCounter,62,0.4328767123287671
CardCounter,13,0.43169398907103823
Random,19,0.4332425068119891
Random,30,0.43478260869565216
CardCounter,70,0.43360433604336046
Random,44,0.43513513513513513
Random,13,0.4366576819407008
CardCounter,13,0.43548387096774194
CardCounter,80,0.4343163538873995
CardCounter,25,0.43315508021390375
CardCounter,16,0.432
CardCounter,39,0.4308510638297872
Random,79,0.4323607427055703
Random,14,0.43386243386243384
Random,67,0.43535620052770446
CardCounter,17,0.4342105263157895
CardCounter,46,0.4330708661417323
Random,54,0.43455497382198954
Random,13,0.4360313315926893
CardCounter,17,0.4348958333333333
Random,13,0.43636363636363634
CardCounter,113,0.43523316062176165
CardCounter,24,0.43410852713178294
Random,58,0.43556701030927836
CardCounter,16,0.43444730077120824
CardCounter,19,0.43333333333333335
CardCounter,28,0.4322250639386189
Random,46,0.4336734693877551
CardCounter,66,0.43256997455470736
Random,18,0.434010152284264
CardCounter,20,0.43291139240506327
Random,40,0.43434343434343436
Random,27,0.4357682619647355
CardCounter,91,0.43467336683417085
Random,109,0.43609022556390975
CardCounter,15,0.435
Random,55,0.43640897755610975
CardCounter,17,0.43532338308457713
Random,19,0.43672456575682383
Random,16,0.4381188118811881
CardCounter,98,0.43703703703703706
CardCounter,21,0.43596059113300495
Random,65,0.43734643734643736
Random,48,0.4387254901960784
Random,19,0.4400977995110024
CardCounter,87,0.43902439024390244
CardCounter,28,0.43795620437956206
Random,16,0.4393203883495146
CardCounter,12,0.43825665859564167
Random,20,0.4396135265700483
Random,41,0.44096385542168676
Random,68,0.4423076923076923
Random,11,0.44364508393285373
CardCounter,55,0.44258373205741625
Random,33,0.4439140811455847
CardCounter,13,0.44285714285714284
CardCounter,82,0.4418052256532066
CardCounter,33,0.44075829383886256
CardCounter,18,0.4397163120567376
CardCounter,129,0.4386792452830189
CardCounter,16,0.4376470588235294
CardCounter,19,0.43661971830985913
CardCounter,70,0.43559718969555034
CardCounter,43,0.43457943925233644
CardCounter,26,0.43356643356643354
Random,14,0.43488372093023253
Random,15,0.4361948955916473
CardCounter,23,0.4351851851851852
Random,31,0.43648960739030024
Random,22,0.4377880184331797
Random,31,0.43908045977011495
Random,68,0.44036697247706424
CardCounter,18,0.43935926773455375
Random,24,0.4406392694063927
CardCounter,38,0.4396355353075171
CardCounter,89,0.43863636363636366
CardCounter,26,0.4376417233560091
CardCounter,21,0.43665158371040724
Random,17,0.43792325056433407
CardCounter,15,0.4369369369369369
Random,77,0.43820224719101125
CardCounter,27,0.437219730941704
CardCounter,46,0.436241610738255
CardCounter,13,0.43526785714285715
CardCounter,32,0.43429844097995546
Random,14,0.43555555555555553
CardCounter,16,0.43458980044345896
CardCounter,13,0.4336283185840708
CardCounter,70,0.4326710816777042
CardCounter,19,0.43171806167400884
CardCounter,38,0.4307692307692308
CardCounter,49,0.4298245614035088
CardCounter,18,0.4288840262582057
Random,24,0.43013100436681223
CardCounter,16,0.42919389978213507
CardCounter,19,0.4282608695652174
CardCounter,28,0.42733188720173537
Random,24,0.42857142857142855
CardCounter,14,0.42764578833693306
Random,20,0.42887931034482757
CardCounter,22,0.42795698924731185
CardCounter,55,0.4270386266094421
Random,13,0.4282655246252677
CardCounter,19,0.42735042735042733
Random,15,0.42857142857142855
Random,48,0.4297872340425532
Random,68,0.4309978768577495
CardCounter,89,0.4300847457627119
CardCounter,52,0.42917547568710357
CardCounter,55,0.4282700421940928
Random,81,0.42947368421052634
Random,24,0.43067226890756305
Random,33,0.43186582809224316
Random,18,0.4330543933054393
CardCounter,20,0.4321503131524008
Random,22,0.43333333333333335
Random,33,0.43451143451143454
CardCounter,17,0.4336099585062241
Random,13,0.43478260869565216
CardCounter,9,0.43388429752066116
CardCounter,34,0.4329896907216495
CardCounter,25,0.43209876543209874
Random,19,0.433264887063655
Random,32,0.4344262295081967
CardCounter,34,0.4335378323108384
CardCounter,15,0.4326530612244898
CardCounter,84,0.4317718940936864
Random,12,0.4329268292682927
CardCounter,28,0.43204868154158216
CardCounter,21,0.4311740890688259
CardCounter,20,0.4303030303030303
CardCounter,63,0.42943548387096775
CardCounter,64,0.42857142857142855
CardCounter,35,0.42771084337349397
Random,13,0.4288577154308617
CardCounter,43,0.428
Random,33,0.4291417165668663
CardCounter,27,0.42828685258964144
CardCounter,20,0.4274353876739563
Random,16,0.42857142857142855
CardCounter,76,0.4277227722772277
Random,48,0.4288537549407115
Random,39,0.42998027613412226
Random,28,0.4311023622047244
Random,17,0.43222003929273084
Random,40,0.43333333333333335
CardCounter,18,0.4324853228962818
CardCounter,35,0.431640625
CardCounter,16,0.43079922027290446
Random,24,0.43190661478599224
CardCounter,60,0.43106796116504853
CardCounter,15,0.43023255813953487
Random,17,0.43133462282398455
Random,52,0.43243243243243246
Random,31,0.43352601156069365
Random,18,0.4346153846153846
Random,99,0.43570057581573896
Random,30,0.4367816091954023
Random,89,0.4378585086042065
CardCounter,57,0.43702290076335876
CardCounter,66,0.4361904761904762
CardCounter,21,0.435361216730038
Random,45,0.4364326375711575
Random,42,0.4375
CardCounter,38,0.43667296786389415
CardCounter,19,0.4358490566037736
CardCounter,32,0.4350282485875706
CardCounter,15,0.4342105263157895
CardCounter,24,0.4333958724202627
Random,62,0.4344569288389513
CardCounter,14,0.4336448598130841
CardCounter,75,0.43283582089552236
CardCounter,14,0.43202979515828677
CardCounter,31,0.4312267657992565
CardCounter,48,0.43042671614100186
Random,52,0.43148148148148147
CardCounter,28,0.43068391866913125
Random,140,0.4317343173431734
CardCounter,32,0.430939226519337
CardCounter,19,0.43014705882352944
CardCounter,26,0.42935779816513764
CardCounter,41,0.42857142857142855
CardCounter,26,0.42778793418647165
CardCounter,15,0.42700729927007297
CardCounter,66,0.4262295081967213
CardCounter,13,0.4254545454545455
Random,41,0.426497277676951
Random,58,0.427536231884058
CardCounter,36,0.4267631103074141
Random,24,0.427797833935018
Random,35,0.42882882882882883
Random,70,0.42985611510791366
CardCounter,50,0.42908438061041293
CardCounter,16,0.4283154121863799
CardCounter,24,0.4275491949910555
Random,12,0.42857142857142855
Random,65,0.4295900178253119
CardCounter,39,0.4288256227758007
Random,135,0.42984014209591476
Random,38,0.4308510638297872
Random,27,0.431858407079646
CardCounter,17,0.43109540636042404
Random,39,0.43209876543209874
CardCounter,17,0.43133802816901406
Random,31,0.43233743409490333
Random,40,0.43333333333333335
CardCounter,19,0.43257443082311736
CardCounter,55,0.4318181818181818
Random,25,0.4328097731239092
Random,24,0.4337979094076655
CardCounter,44,0.4330434782608696
Random,18,0.4340277777777778
CardCounter,42,0.43327556325823224
Random,80,0.4342560553633218
Random,41,0.43523316062176165
Random,40,0.4362068965517241
CardCounter,14,0.4354561101549053
Random,20,0.436426116838488
Random,29,0.43739279588336194
Random,16,0.4383561643835616
CardCounter,30,0.4376068376068376
Random,158,0.43856655290102387
CardCounter,88,0.43781942078364566
CardCounter,13,0.4370748299319728
Random,53,0.4380305602716469
Random,16,0.43898305084745765
Random,11,0.43993231810490696
Random,72,0.4408783783783784
Random,39,0.4418212478920742
CardCounter,39,0.44107744107744107
Random,57,0.44201680672268906
Random,16,0.4429530201342282
CardCounter,28,0.44221105527638194
CardCounter,17,0.4414715719063545
CardCounter,10,0.44073455759599334
CardCounter,29,0.44
CardCounter,10,0.43926788685524126
CardCounter,11,0.43853820598006643
Random,15,0.439469320066335
Random,46,0.44039735099337746
Random,17,0.4413223140495868
Random,28,0.44224422442244227
Random,43,0.443163097199341
Random,26,0.4440789473684211
CardCounter,32,0.4433497536945813
CardCounter,17,0.4426229508196721
CardCounter,20,0.44189852700491
Random,34,0.44281045751633985
CardCounter,36,0.44208809135399674
CardCounter,13,0.44136807817589574
CardCounter,56,0.44065040650406506
CardCounter,79,0.43993506493506496
CardCounter,50,0.4392220421393841
CardCounter,17,0.43851132686084143
Random,21,0.4394184168012924
Random,64,0.4403225806451613
Random,37,0.44122383252818037
Random,98,0.44212218649517687
CardCounter,14,0.44141252006420545
Random,20,0.4423076923076923
Random,29,0.4432
Random,50,0.4440894568690096
CardCounter,22,0.4433811802232855
CardCounter,85,0.4426751592356688
CardCounter,16,0.4419713831478537
CardCounter,13,0.44126984126984126
CardCounter,22,0.4405705229793978
Random,20,0.44145569620253167
CardCounter,106,0.44075829383886256
CardCounter,137,0.4400630914826498
CardCounter,14,0.4393700787401575
CardCounter,17,0.4386792452830189
CardCounter,18,0.4379905808477237
Random,124,0.438871473354232
CardCounter,8,0.4381846635367762
Random,98,0.4390625
Random,17,0.43993759750390016
Random,25,0.440809968847352
Random,13,0.4416796267496112
Random,66,0.44254658385093165
Random,61,0.4434108527131783
CardCounter,21,0.44272445820433437
CardCounter,22,0.4420401854714065
CardCounter,19,0.44135802469135804
Random,45,0.4422187981510015
Random,76,0.4430769230769231
CardCounter,14,0.4423963133640553
CardCounter,13,0.44171779141104295
Random,23,0.442572741194487
Random,44,0.4434250764525994
CardCounter,14,0.44274809160305345
Random,58,0.44359756097560976
CardCounter,34,0.4429223744292237
Random,14,0.44376899696048633
Random,87,0.44461305007587254
Random,72,0.44545454545454544
Random,35,0.4462934947049924
CardCounter,27,0.44561933534743203
CardCounter,14,0.444947209653092
CardCounter,107,0.4442771084337349
Random,37,0.44511278195488724
CardCounter,27,0.4444444444444444
Random,53,0.4452773613193403
CardCounter,15,0.44461077844311375
Random,45,0.445440956651719
Random,24,0.4462686567164179
CardCounter,34,0.4456035767511177
Random,32,0.44642857142857145
Random,35,0.4472511144130758
CardCounter,49,0.4465875370919881
CardCounter,12,0.44592592592592595
Random,16,0.4467455621301775
CardCounter,36,0.4460856720827179
CardCounter,67,0.44542772861356933
CardCounter,68,0.44477172312223856
Random,26,0.4455882352941177
Random,47,0.44640234948604995
CardCounter,45,0.44574780058651026
CardCounter,18,0.445095168374817
Random,28,0.44590643274853803
Random,17,0.4467153284671533
Random,44,0.44752186588921283
CardCounter,34,0.4468704512372635
Random,22,0.4476744186046512
Random,155,0.44847605224963716
CardCounter,39,0.44782608695652176
CardCounter,12,0.447178002894356
CardCounter,49,0.44653179190751446
CardCounter,8,0.4458874458874459
CardCounter,13,0.4452449567723343
Random,195,0.4460431654676259
Random,32,0.4468390804597701
CardCounter,28,0.44619799139167865
CardCounter,19,0.4455587392550143
Random,31,0.44635193133047213
CardCounter,27,0.44571428571428573
CardCounter,18,0.4450784593437946
CardCounter,25,0.4444444444444444
CardCounter,56,0.4438122332859175
CardCounter,21,0.4431818181818182
CardCounter,52,0.4425531914893617
CardCounter,111,0.44192634560906513
CardCounter,74,0.44130127298444133
Random,74,0.442090395480226
CardCounter,18,0.4414668547249647
Random,24,0.4422535211267606
CardCounter,18,0.44163150492264414
Random,74,0.44241573033707865
Random,31,0.4431977559607293
CardCounter,13,0.4425770308123249
CardCounter,128,0.44195804195804195
CardCounter,43,0.441340782122905
CardCounter,18,0.4407252440725244
Random,32,0.4415041782729805
CardCounter,24,0.44089012517385257
CardCounter,107,0.44027777777777777
Random,67,0.44105409153952846
Random,14,0.44182825484764543
Random,17,0.4426002766251729
CardCounter,57,0.4419889502762431
CardCounter,16,0.4413793103448276
CardCounter,13,0.44077134986225897
CardCounter,40,0.4401650618982118
CardCounter,11,0.43956043956043955
CardCounter,12,0.438957475994513
CardCounter,21,0.4383561643835616
Random,33,0.43912448700410395
CardCounter,21,0.4385245901639344
CardCounter,14,0.4379263301500682
Random,16,0.43869209809264303
CardCounter,84,0.4380952380952381
CardCounter,29,0.4375
CardCounter,16,0.4369063772048847
Random,26,0.43766937669376693
Random,17,0.43843031123139375
Random,40,0.4391891891891892
CardCounter,34,0.43859649122807015
Random,16,0.4393530997304582
Random,35,0.44010767160161507
CardCounter,71,0.43951612903225806
Random,37,0.44026845637583895
CardCounter,13,0.43967828418230565
CardCounter,12,0.4390896921017403
Random,34,0.43983957219251335
CardCounter,30,0.4392523364485981
CardCounter,61,0.43866666666666665
CardCounter,18,0.4380825565912117
Random,50,0.43882978723404253
CardCounter,24,0.43824701195219123
Random,40,0.4389920424403183
CardCounter,26,0.4384105960264901
CardCounter,33,0.43783068783068785
Random,57,0.4385733157199472
Random,86,0.4393139841688654
Random,83,0.4400527009222661
Random,12,0.4407894736842105
Random,41,0.44152431011826543
CardCounter,45,0.4409448818897638
Random,41,0.4416775884665793
CardCounter,97,0.4410994764397906
CardCounter,40,0.44052287581699345
CardCounter,51,0.43994778067885115
CardCounter,46,0.439374185136897
CardCounter,25,0.4388020833333333
Random,51,0.43953185955786733
Random,84,0.44025974025974024
CardCounter,72,0.4396887159533074
CardCounter,31,0.43911917098445596
Random,65,0.4398447606727037
Random,10,0.4405684754521964
CardCounter,46,0.44
CardCounter,23,0.43943298969072164
CardCounter,26,0.43886743886743884
CardCounter,13,0.4383033419023136
CardCounter,100,0.43774069319640563
CardCounter,51,0.4371794871794872
CardCounter,120,0.43661971830985913
Random,60,0.4373401534526854
CardCounter,26,0.4367816091954023
CardCounter,17,0.4362244897959184
CardCounter,36,0.4356687898089172
CardCounter,29,0.4351145038167939
CardCounter,20,0.43456162642947904
CardCounter,19,0.434010152284264
Random,27,0.4347275031685678
CardCounter,33,0.4341772151898734
Random,37,0.43489254108723135
CardCounter,13,0.43434343434343436
CardCounter,28,0.4337957124842371
Random,16,0.4345088161209068
Random,37,0.43522012578616354
CardCounter,105,0.43467336683417085
Random,57,0.4353826850690088
CardCounter,63,0.4348370927318296
Random,59,0.4355444305381727
CardCounter,15,0.435
CardCounter,90,0.4344569288389513
CardCounter,47,0.4339152119700748
Random,59,0.43462017434620176
Random,34,0.43532338308457713
CardCounter,18,0.43478260869565216
CardCounter,21,0.43424317617866004
Random,33,0.4349442379182156
CardCounter,45,0.4344059405940594
Random,23,0.43510506798516685
Random,22,0.43580246913580245
Random,65,0.436498150431566
CardCounter,27,0.43596059113300495
Random,11,0.43665436654366546
CardCounter,71,0.43611793611793614
Random,13,0.4368098159509202
CardCounter,11,0.4362745098039216
CardCounter,94,0.4357405140758874
Random,40,0.43643031784841074
CardCounter,48,0.4358974358974359
Random,16,0.43658536585365854
Random,45,0.43727161997563946
Random,30,0.43795620437956206
CardCounter,60,0.4374240583232078
CardCounter,13,0.4368932038834951
CardCounter,34,0.43636363636363634
CardCounter,13,0.4358353510895884
CardCounter,90,0.43530834340991537
CardCounter,131,0.43478260869565216
CardCounter,20,0.43425814234016885
Random,44,0.43493975903614457
CardCounter,14,0.43441636582430804
Random,42,0.43509615384615385
CardCounter,20,0.4345738295318127
CardCounter,41,0.434052757793765
CardCounter,50,0.43353293413173655
Random,36,0.4342105263157895
Random,19,0.4348864994026284
CardCounter,43,0.4343675417661098
Random,13,0.43504171632896305
CardCounter,47,0.43452380952380953
CardCounter,14,0.4340071343638526
Random,54,0.4346793349168646
CardCounter,14,0.43416370106761565
CardCounter,13,0.43364928909952605
Random,47,0.43431952662721895
CardCounter,21,0.43380614657210403
Random,57,0.4344746162927981
Random,34,0.43514150943396224
Random,19,0.43580683156654887
CardCounter,19,0.43529411764705883
CardCounter,32,0.43478260869565216
CardCounter,29,0.43427230046948356
CardCounter,50,0.43376318874560377
Random,56,0.4344262295081967
Random,125,0.43508771929824563
CardCounter,21,0.43457943925233644
CardCounter,20,0.4340723453908985
Random,12,0.4347319347319347
CardCounter,34,0.4342258440046566
Random,64,0.43488372093023253
Random,43,0.4355400696864111
CardCounter,27,0.43503480278422274
CardCounter,40,0.43453070683661643
CardCounter,107,0.4340277777777778
CardCounter,14,0.43352601156069365
Random,20,0.4341801385681293
CardCounter,46,0.43367935409457903
CardCounter,25,0.43317972350230416
Random,37,0.43383199079401613
CardCounter,45,0.43333333333333335
Random,9,0.43398392652123996
CardCounter,11,0.4334862385321101
CardCounter,30,0.4329896907216495
CardCounter,121,0.43249427917620137
Random,23,0.43314285714285716
Random,16,0.4337899543378995
Random,49,0.43443557582668185
CardCounter,15,0.43394077448747154
Random,37,0.43458475540386804
Random,52,0.43522727272727274
CardCounter,14,0.43473325766174803
Random,38,0.43537414965986393
CardCounter,24,0.434881087202718
Random,26,0.43552036199095023
CardCounter,84,0.4350282485875706
Random,40,0.435665914221219
Random,23,0.4363021420518602
Random,22,0.4369369369369369
CardCounter,30,0.4364454443194601
CardCounter,71,0.43595505617977526
CardCounter,18,0.43546576879910215
Random,42,0.43609865470852016
CardCounter,40,0.43561030235162373
Random,134,0.436241610738255
CardCounter,22,0.43575418994413406
CardCounter,13,0.43526785714285715
Random,23,0.4358974358974359
CardCounter,59,0.4354120267260579
CardCounter,26,0.43492769744160176
Random,48,0.43555555555555553
CardCounter,74,0.43507214206437295
Random,18,0.4356984478935698
CardCounter,74,0.43521594684385384
CardCounter,41,0.43473451327433627
Random,11,0.4353591160220994
Random,44,0.4359823399558499
CardCounter,16,0.4355016538037486
Random,34,0.43612334801762115
CardCounter,28,0.43564356435643564
Random,20,0.43626373626373627
Random,47,0.43688254665203075
CardCounter,25,0.43640350877192985
Random,27,0.4370208105147864
CardCounter,27,0.4365426695842451
CardCounter,86,0.4360655737704918
CardCounter,39,0.435589519650655
CardCounter,39,0.4351145038167939
Random,38,0.4357298474945534
Random,22,0.4363438520130577
Random,28,0.4369565217391304
CardCounter,12,0.4364820846905538
Random,28,0.4370932754880694
CardCounter,28,0.43661971830985913
CardCounter,13,0.43614718614718617
CardCounter,24,0.43567567567567567
CardCounter,55,0.4352051835853132
CardCounter,56,0.43473570658036675
CardCounter,9,0.43426724137931033
CardCounter,46,0.43379978471474706
CardCounter,13,0.43333333333333335
CardCounter,14,0.43286788399570353
Random,18,0.4334763948497854
Random,33,0.4340836012861736
Random,24,0.4346895074946467
CardCounter,22,0.43422459893048126
Random,34,0.43482905982905984
Random,27,0.43543223052294555
Random,10,0.43603411513859275
Random,31,0.4366347177848775
CardCounter,13,0.43617021276595747
Random,47,0.436769394261424
CardCounter,49,0.43630573248407645
CardCounter,30,0.43584305408271473
CardCounter,25,0.4353813559322034
Random,35,0.43597883597883597
Random,36,0.4365750528541226
Random,27,0.4371700105596621
CardCounter,21,0.43670886075949367
CardCounter,12,0.4362486828240253
CardCounter,17,0.4357894736842105
Random,97,0.4363827549947424
Random,100,0.4369747899159664
CardCounter,12,0.43651626442812175
CardCounter,75,0.4360587002096436
Random,39,0.43664921465968587
CardCounter,31,0.4361924686192469
CardCounter,32,0.43573667711598746
CardCounter,13,0.4352818371607516
Random,13,0.4358706986444213
Random,40,0.43645833333333334
CardCounter,83,0.43600416233090533
CardCounter,13,0.43555093555093555
Random,27,0.43613707165109034
CardCounter,31,0.43568464730290457
CardCounter,18,0.43523316062176165
Random,16,0.4358178053830228
CardCounter,70,0.43536711478800416
Random,26,0.4359504132231405
Random,65,0.43653250773993807
CardCounter,31,0.43608247422680413
CardCounter,70,0.4356333676622039
CardCounter,13,0.4351851851851852
CardCounter,18,0.434737923946557
CardCounter,8,0.4342915811088296
CardCounter,62,0.4338461538461538
CardCounter,27,0.4334016393442623
Random,25,0.43398157625383826
CardCounter,13,0.4335378323108384
Random,17,0.4341164453524004
Random,76,0.4346938775510204
CardCounter,54,0.43425076452599387
Random,12,0.434826883910387
Random,27,0.43540183112919634
CardCounter,19,0.4349593495934959
CardCounter,14,0.43451776649746193
CardCounter,20,0.4340770791075051
Random,37,0.43465045592705165
CardCounter,37,0.4342105263157895
CardCounter,14,0.43377148634984836
Random,76,0.43434343434343436
CardCounter,12,0.4339051463168517
CardCounter,13,0.4334677419354839
Random,13,0.4340382678751259
CardCounter,37,0.4336016096579477
CardCounter,24,0.43316582914572865
Random,28,0.43373493975903615
CardCounter,18,0.43329989969909727
Random,66,0.4338677354709419
CardCounter,22,0.43343343343343343
CardCounter,39,0.433
CardCounter,26,0.4325674325674326
Random,24,0.43313373253493015
Random,57,0.4336989032901296
Random,16,0.4342629482071713
Random,19,0.43482587064676614
CardCounter,37,0.43439363817097415
Random,87,0.43495531281032773
Random,18,0.435515873015873
CardCounter,10,0.43508424182358774
CardCounter,85,0.43465346534653465
CardCounter,66,0.4342235410484669
CardCounter,37,0.43379446640316205
Random,89,0.43435340572556763
CardCounter,13,0.4339250493096647
Random,27,0.43448275862068964
CardCounter,63,0.4340551181102362
CardCounter,78,0.4336283185840708
Random,28,0.43418467583497056
CardCounter,20,0.4337585868498528
CardCounter,13,0.43333333333333335
CardCounter,52,0.43290891283055827
Random,50,0.4334637964774951
CardCounter,20,0.43304007820136853
Random,68,0.43359375
CardCounter,22,0.43317073170731707
Random,30,0.4337231968810916
Random,13,0.4342745861733204
CardCounter,19,0.433852140077821
CardCounter,50,0.4334305150631681
CardCounter,17,0.4330097087378641
CardCounter,22,0.4325897187196896
Random,60,0.4331395348837209
CardCounter,60,0.43272023233301066
CardCounter,17,0.4323017408123791
CardCounter,14,0.4318840579710145
CardCounter,65,0.4314671814671815
Random,25,0.43201542912246865
CardCounter,111,0.43159922928709055
CardCounter,22,0.43118383060635224
CardCounter,17,0.4307692307692308
Random,51,0.4313160422670509
Random,80,0.43186180422264875
Random,49,0.4324065196548418
Random,28,0.4329501915708812
CardCounter,44,0.4325358851674641
CardCounter,33,0.4321223709369025
CardCounter,10,0.43170964660936006
Random,24,0.43225190839694655
CardCounter,40,0.43183984747378457
Random,83,0.43238095238095237
Random,15,0.4329210275927688
CardCounter,9,0.43250950570342206
Random,21,0.43304843304843305
Random,88,0.4335863377609108
Random,39,0.43412322274881515
CardCounter,25,0.4337121212121212
CardCounter,14,0.43330179754020814
Random,22,0.43383742911153117
CardCounter,12,0.43342776203966005
CardCounter,74,0.4330188679245283
Random,25,0.43355325164938735
CardCounter,13,0.4331450094161959
Random,11,0.4336782690498589
Random,66,0.4342105263157895
Random,13,0.4347417840375587
CardCounter,21,0.4343339587242026
Random,25,0.43486410496719774
CardCounter,27,0.4344569288389513
Random,33,0.43498596819457436
CardCounter,13,0.43457943925233644
CardCounter,62,0.4341736694677871
Random,14,0.43470149253731344
Random,31,0.43522833178005593
Random,62,0.43575418994413406
Random,31,0.43627906976744185
Random,64,0.4368029739776952
CardCounter,20,0.436397400185701
CardCounter,17,0.4359925788497217
CardCounter,76,0.4355885078776645
Random,68,0.4361111111111111
CardCounter,20,0.4357076780758557
CardCounter,35,0.43530499075785584
Random,31,0.4358264081255771
Random,18,0.43634686346863466
Random,41,0.4368663594470046
Random,40,0.43738489871086556
Random,61,0.43790248390064396
Random,56,0.4384191176470588
Random,15,0.4389348025711662
Random,30,0.43944954128440367
Random,53,0.4399633363886343
CardCounter,21,0.43956043956043955
Random,41,0.4400731930466606
CardCounter,13,0.4396709323583181
CardCounter,36,0.4392694063926941
CardCounter,46,0.43886861313868614
Random,19,0.43938012762078393
CardCounter,35,0.43897996357012753
CardCounter,46,0.4385805277525023
Random,22,0.4390909090909091
Random,25,0.4396003633060854
CardCounter,13,0.43920145190562615
Random,33,0.4397098821396192
Random,82,0.44021739130434784
Random,43,0.4407239819004525
CardCounter,27,0.4403254972875226
CardCounter,18,0.4399277326106594
CardCounter,33,0.4395306859205776
Random,45,0.4400360685302074
CardCounter,147,0.43963963963963965
Random,17,0.44014401440144013
CardCounter,61,0.4397482014388489
CardCounter,18,0.4393530997304582
Random,52,0.4398563734290844
CardCounter,22,0.43946188340807174
CardCounter,11,0.4390681003584229
Random,23,0.4395702775290958
CardCounter,69,0.43917710196779963
Random,97,0.43967828418230565
Random,46,0.4401785714285714
Random,93,0.4406779661016949
CardCounter,21,0.44028520499108736
CardCounter,8,0.43989314336598395
CardCounter,43,0.4395017793594306
CardCounter,10,0.4391111111111111
Random,12,0.43960923623445824
CardCounter,92,0.4392191659272405
Random,70,0.4397163120567376
CardCounter,26,0.43932683790965454
CardCounter,23,0.4389380530973451
Random,17,0.4394341290893015
CardCounter,35,0.43904593639575973
CardCounter,30,0.4386584289496911
Random,18,0.43915343915343913
CardCounter,20,0.43876651982378856
CardCounter,75,0.43838028169014087
CardCounter,14,0.43799472295514513
Random,20,0.4384885764499121
CardCounter,12,0.43810359964881473
CardCounter,25,0.437719298245614
CardCounter,18,0.43733567046450483
Random,92,0.43782837127845886
CardCounter,14,0.4374453193350831
CardCounter,21,0.4370629370629371
CardCounter,18,0.4366812227074236
CardCounter,99,0.4363001745200698
CardCounter,66,0.43591979075850046
Random,18,0.436411149825784
CardCounter,10,0.4360313315926893
Random,12,0.4365217391304348
Random,31,0.4370112945264987
CardCounter,15,0.4366319444444444
CardCounter,18,0.4362532523850824
CardCounter,39,0.4358752166377816
Random,35,0.43636363636363634
CardCounter,32,0.4359861591695502
Random,41,0.4364736387208297
CardCounter,23,0.43609671848013815
CardCounter,18,0.4357204486626402
CardCounter,9,0.4353448275862069
CardCounter,26,0.43496985357450474
CardCounter,17,0.43459552495697074
CardCounter,30,0.4342218400687876
Random,19,0.43470790378006874
Random,15,0.4351931330472103
CardCounter,47,0.434819897084048
Random,55,0.43530419880034277
CardCounter,13,0.4349315068493151
CardCounter,14,0.4345594525235244
Random,46,0.43504273504273505
Random,11,0.43552519214346713
CardCounter,25,0.4351535836177474
CardCounter,70,0.43478260869565216
CardCounter,11,0.434412265758092
CardCounter,30,0.4340425531914894
Random,58,0.43452380952380953
Random,13,0.43500424808836025
CardCounter,21,0.43463497453310695
CardCounter,32,0.4342663273960984
Random,28,0.4347457627118644
CardCounter,32,0.4343776460626588
Random,46,0.43485617597292725
CardCounter,18,0.4344885883347422
Random,24,0.43496621621621623
CardCounter,80,0.4345991561181435
CardCounter,23,0.4342327150084317
CardCounter,10,0.43386689132266215
CardCounter,19,0.4335016835016835
Random,19,0.4339781328847771
CardCounter,13,0.4336134453781513
Random,23,0.4340890008396306
CardCounter,18,0.4337248322147651
Random,39,0.43419949706621963
CardCounter,27,0.4338358458961474
CardCounter,20,0.43347280334728033
Random,43,0.43394648829431437
CardCounter,34,0.43358395989974935
CardCounter,23,0.4332220367278798
Random,27,0.43369474562135113
CardCounter,29,0.43333333333333335
CardCounter,44,0.43297252289758537
CardCounter,21,0.43261231281198004
Random,27,0.43308395677472983
CardCounter,35,0.43272425249169433
Random,73,0.433195020746888
CardCounter,67,0.43283582089552236
CardCounter,30,0.43247721623860813
Random,54,0.4329470198675497
CardCounter,14,0.4325889164598842
CardCounter,47,0.4322314049586777
CardCounter,62,0.4318744838976053
Random,22,0.43234323432343236
CardCounter,36,0.4319868095630668
CardCounter,57,0.4316309719934102
Random,31,0.43209876543209874
Random,162,0.43256578947368424
CardCounter,36,0.4322103533278554
CardCounter,21,0.4318555008210181
Random,27,0.43232157506152585
Random,48,0.43278688524590164
CardCounter,42,0.43243243243243246
Random,14,0.4328968903436989
CardCounter,110,0.43254292722812754
Random,86,0.43300653594771243
Random,79,0.433469387755102
CardCounter,33,0.433115823817292
CardCounter,28,0.43276283618581907
CardCounter,73,0.43241042345276876
Random,17,0.43287225386493083
CardCounter,47,0.432520325203252
CardCounter,16,0.4321689683184403
Random,42,0.43262987012987014
CardCounter,70,0.43227899432278993
CardCounter,13,0.4319286871961102
CardCounter,26,0.43157894736842106
CardCounter,63,0.4312297734627832
Random,13,0.4316895715440582
CardCounter,13,0.43134087237479807
CardCounter,38,0.43099273607748184
Random,34,0.4314516129032258
Random,39,0.43190975020145045
Random,78,0.4323671497584541
CardCounter,40,0.4320193081255028
CardCounter,29,0.4316720257234727
Random,9,0.4321285140562249
Random,36,0.43258426966292135
CardCounter,40,0.4322373696872494
CardCounter,61,0.43189102564102566
CardCounter,44,0.4315452361889512
CardCounter,13,0.4312
CardCounter,18,0.4308553157474021
CardCounter,29,0.4305111821086262
Random,57,0.4309656823623304
Random,38,0.4314194577352472
CardCounter,18,0.43107569721115535
Random,20,0.4315286624203822
Random,13,0.431980906921241
Random,38,0.43243243243243246
CardCounter,22,0.43208895949166004
CardCounter,21,0.43174603174603177
CardCounter,32,0.4314036478984933
CardCounter,73,0.43106180665610144
Random,25,0.43151227236737927
Random,38,0.4319620253164557
CardCounter,26,0.4316205533596838
Random,34,0.4320695102685624
Random,55,0.4325177584846093
Random,56,0.43296529968454256
CardCounter,75,0.4326241134751773
CardCounter,37,0.4322834645669291
Random,33,0.43273013375295044
Random,26,0.4331761006289308
CardCounter,10,0.43283582089552236
Random,30,0.43328100470957615
CardCounter,26,0.4329411764705882
Random,26,0.4333855799373041
CardCounter,38,0.4330462020360219
Random,38,0.433489827856025
CardCounter,44,0.4331508991399531
CardCounter,39,0.4328125
Random,15,0.4332552693208431
CardCounter,79,0.4329173166926677
Random,43,0.4333593141075604
CardCounter,105,0.43302180685358255
Random,33,0.43346303501945527
CardCounter,37,0.4331259720062208
Random,27,0.43356643356643354
CardCounter,21,0.4332298136645963
CardCounter,48,0.43289371605896043
CardCounter,37,0.4325581395348837
CardCounter,26,0.4322230828814872
Random,52,0.4326625386996904
CardCounter,22,0.4323279195668987
CardCounter,23,0.4319938176197836
CardCounter,24,0.43166023166023165
CardCounter,17,0.43132716049382713
Random,19,0.4317656129529684
CardCounter,13,0.43143297380585516
Random,9,0.43187066974595845
Random,30,0.4323076923076923
CardCounter,40,0.43197540353574176
Random,14,0.4324116743471582
CardCounter,40,0.43207981580967
Random,32,0.4325153374233129
CardCounter,106,0.432183908045977
Random,24,0.4326186830015314
CardCounter,14,0.4322876817138485
CardCounter,35,0.4319571865443425
CardCounter,30,0.43162719633307867
CardCounter,9,0.4312977099236641
Random,91,0.43173150266971777
CardCounter,27,0.43140243902439024
CardCounter,68,0.43107387661843105
CardCounter,57,0.4307458143074581
Random,25,0.4311787072243346
Random,28,0.4316109422492401
CardCounter,30,0.4312832194381169
CardCounter,75,0.4309559939301973
CardCounter,36,0.4306292645943897
CardCounter,31,0.4303030303030303
CardCounter,24,0.4299772899318698
CardCounter,13,0.4296520423600605
Random,27,0.43008314436885864
CardCounter,27,0.4297583081570997
Random,23,0.43018867924528303
Random,34,0.4306184012066365
Random,37,0.4310474755086662
Random,58,0.4314759036144578
Random,13,0.43190368698269377
Random,36,0.4323308270676692
Random,51,0.43275732531930877
CardCounter,55,0.43243243243243246
CardCounter,26,0.43210802700675166
Random,22,0.4325337331334333
Random,19,0.4329588014981273
CardCounter,43,0.43263473053892215
Random,35,0.4330590875093493
Random,30,0.4334828101644245
CardCounter,68,0.43315907393577296
Random,18,0.4335820895522388
CardCounter,14,0.4332587621178225
Random,14,0.4336810730253353
Random,17,0.43410275502606105
CardCounter,13,0.4337797619047619
CardCounter,28,0.433457249070632
Random,22,0.4338781575037147
CardCounter,18,0.4335560504825538
Random,12,0.43397626112759646
CardCounter,36,0.4336545589325426
CardCounter,13,0.43333333333333335
Random,13,0.43375277572168763
CardCounter,119,0.4334319526627219
CardCounter,94,0.43311160384331115
Random,12,0.43353028064992616
CardCounter,88,0.43321033210332105
Random,56,0.4336283185840708
CardCounter,26,0.4333087693441415
CardCounter,65,0.4329896907216495
CardCounter,32,0.4326710816777042
CardCounter,21,0.4323529411764706
CardCounter,17,0.432035268185158
Random,66,0.43245227606461084
Random,35,0.4328686720469552
CardCounter,51,0.43255131964809385
CardCounter,48,0.43223443223443225
CardCounter,27,0.43191800878477304
CardCounter,14,0.4316020482809071
Random,22,0.43201754385964913
CardCounter,36,0.4317019722425128
Random,38,0.4321167883211679
CardCounter,72,0.43180160466812545
CardCounter,25,0.4314868804664723
CardCounter,114,0.43117261471230883
CardCounter,19,0.43085880640465796
CardCounter,14,0.43054545454545456
CardCounter,27,0.43023255813953487
Random,27,0.43064633260711693
Random,30,0.4310595065312046
Random,29,0.43147208121827413
CardCounter,13,0.4311594202898551
CardCounter,22,0.43084721216509775
CardCounter,17,0.4305354558610709
CardCounter,14,0.4302241503976862
CardCounter,13,0.42991329479768786
Random,51,0.43032490974729243
Random,74,0.43073593073593075
Random,17,0.43114635904830567
Random,44,0.4315561959654179
CardCounter,28,0.4312455003599712
CardCounter,13,0.4309352517985611
CardCounter,26,0.4306254493170381
CardCounter,11,0.430316091954023
Random,13,0.43072505384063176
CardCounter,67,0.430416068866571
CardCounter,70,0.43010752688172044
Random,36,0.4305157593123209
Random,43,0.4309234073013601
CardCounter,45,0.43061516452074394
CardCounter,26,0.4303073624017155
Random,34,0.4307142857142857
Random,21,0.43112062812276947
CardCounter,33,0.43081312410841655
Random,10,0.43121881682109764
CardCounter,19,0.4309116809116809
Random,89,0.4313167259786477
CardCounter,85,0.4310099573257468
Random,121,0.4314143567874911
CardCounter,89,0.43110795454545453
Random,19,0.4315117104329312
Random,58,0.4319148936170213
Random,27,0.43231750531537916
CardCounter,29,0.43201133144475923
CardCounter,68,0.4317055909412597
CardCounter,23,0.4314002828854314
CardCounter,20,0.43109540636042404
Random,68,0.4314971751412429
Random,67,0.4318983768525053
Random,34,0.4322990126939351
Random,41,0.43269908386187456
Random,28,0.43309859154929575
CardCounter,62,0.4327938071780436
Random,106,0.43319268635724334
CardCounter,38,0.4328882642304989
Random,34,0.4332865168539326
Random,11,0.4336842105263158
CardCounter,57,0.43338008415147267
Random,31,0.4337771548703574
CardCounter,23,0.4334733893557423
CardCounter,98,0.4331700489853044
CardCounter,29,0.43286713286713285
CardCounter,72,0.43256464011180995
CardCounter,29,0.43226256983240224
Random,17,0.43265875785066293
CardCounter,11,0.43235704323570434
Random,33,0.43275261324041814
CardCounter,105,0.43245125348189417
Random,23,0.4328462073764788
Random,16,0.433240611961057
Random,19,0.43363446838082004
Random,40,0.4340277777777778
CardCounter,76,0.4337265787647467
CardCounter,21,0.4334257975034674
Random,31,0.4338184338184338
CardCounter,39,0.43351800554016623
Random,21,0.4339100346020761
CardCounter,15,0.4336099585062241
Random,11,0.4340013821700069
Random,20,0.43439226519337015
Random,19,0.43478260869565216
Random,88,0.43517241379310345
Random,13,0.4355616815988973
Random,24,0.4359504132231405
Random,11,0.4363386097728837
CardCounter,27,0.4360385144429161
Random,103,0.436426116838488
CardCounter,11,0.43612637362637363
CardCounter,26,0.4358270418668497
Random,82,0.43621399176954734
Random,19,0.43660041124057575
CardCounter,13,0.4363013698630137
CardCounter,12,0.43600273785078714
Random,52,0.4363885088919289
Random,25,0.43677375256322626
Random,30,0.4371584699453552
CardCounter,58,0.43686006825938567
CardCounter,23,0.43656207366984995
CardCounter,12,0.43626448534423995
Random,40,0.4366485013623978
CardCounter,12,0.43635125936010893
CardCounter,11,0.43605442176870746
Random,39,0.43643779741672334
CardCounter,17,0.4361413043478261
Random,39,0.4365241004752206
CardCounter,41,0.4362279511533243
Random,19,0.4366101694915254
CardCounter,19,0.4363143631436314
Random,57,0.43669600541638454
CardCounter,23,0.4364005412719892
Random,19,0.4367816091954023
CardCounter,77,0.43648648648648647
Random,23,0.43686698176907496
CardCounter,21,0.4365721997300945
CardCounter,18,0.43627781523937964
Random,32,0.4366576819407008
CardCounter,14,0.43636363636363634
Random,28,0.436742934051144
CardCounter,44,0.43644922663080027
CardCounter,57,0.4361559139784946
CardCounter,18,0.4358629952988583
CardCounter,19,0.4355704697986577
CardCounter,50,0.4352783366867874
CardCounter,29,0.43498659517426275
Random,13,0.43536503683858
CardCounter,37,0.4350736278447122
CardCounter,32,0.43478260869565216
Random,26,0.43516042780748665
Random,33,0.4355377421509686
CardCounter,25,0.43524699599465955
Random,29,0.43562374916611074
CardCounter,27,0.43533333333333335
CardCounter,12,0.4350433044636909
CardCounter,55,0.4347536617842876
Random,21,0.4351297405189621
Random,28,0.43550531914893614
CardCounter,22,0.43521594684385384
CardCounter,29,0.4349269588313413
Random,29,0.43530192435301923
CardCounter,29,0.4350132625994695
CardCounter,26,0.4347249834327369
Random,16,0.43509933774834436
Random,43,0.4354731965585705
Random,26,0.43584656084656087
CardCounter,12,0.4355584930601454
CardCounter,43,0.43527080581241745
Random,25,0.43564356435643564
Random,16,0.43601583113456466
CardCounter,28,0.4357284113381674
Random,22,0.43610013175230566
CardCounter,22,0.4358130348913759
Random,22,0.4361842105263158
CardCounter,84,0.4358974358974359
CardCounter,63,0.435611038107753
Random,97,0.4359816152330926
CardCounter,55,0.4356955380577428
Random,43,0.4360655737704918
Random,40,0.436435124508519
Random,9,0.43680419122462344
Random,30,0.43717277486910994
CardCounter,18,0.4368868541530412
CardCounter,19,0.4366013071895425
CardCounter,58,0.4363161332462443
CardCounter,37,0.4360313315926893
Random,17,0.436399217221135
Random,82,0.4367666232073012
Random,15,0.43713355048859937
Random,86,0.4375
Random,29,0.4378659726740403
CardCounter,65,0.4375812743823147
Random,33,0.437946718648473
Random,102,0.4383116883116883
CardCounter,22,0.4380272550292018
CardCounter,25,0.4377431906614786
CardCounter,54,0.4374594944912508
CardCounter,117,0.4371761658031088
Random,75,0.4375404530744337
CardCounter,21,0.4372574385510996
CardCounter,28,0.4369747899159664
CardCounter,11,0.43669250645994834
Random,15,0.4370561652679148
Random,40,0.4374193548387097
CardCounter,34,0.437137330754352
CardCounter,105,0.4368556701030928
CardCounter,46,0.4365743721828719
CardCounter,59,0.4362934362934363
Random,43,0.4366559485530547
Random,54,0.4370179948586118
CardCounter,44,0.43673731535003213
Random,28,0.43709884467265725
CardCounter,28,0.43681847338037205
CardCounter,33,0.43653846153846154
Random,45,0.4368994234465087
Random,46,0.4372599231754161
CardCounter,54,0.43698016634676906
Random,22,0.4373401534526854
CardCounter,12,0.4370607028753994
Random,38,0.43742017879948913
Random,19,0.4377791959157626
CardCounter,47,0.4375
Random,25,0.4378585086042065
CardCounter,11,0.4375796178343949
CardCounter,16,0.43730108211330365
CardCounter,23,0.43702290076335876
Random,11,0.43738080101716464
Random,14,0.4377382465057179
CardCounter,40,0.43746031746031744
CardCounter,29,0.43718274111675126
Random,21,0.4375396322130628
CardCounter,57,0.4372623574144487
CardCounter,24,0.4369854338188727
Random,12,0.43734177215189873
Random,21,0.4376976597090449
Random,24,0.43805309734513276
CardCounter,26,0.4377763739734681
CardCounter,49,0.4375
Random,13,0.43785488958990537
CardCounter,11,0.43757881462799497
Random,41,0.4379332073093888
CardCounter,13,0.4376574307304786
Random,111,0.4380113278791693
Random,14,0.43836477987421385
CardCounter,36,0.4380892520427404
Random,16,0.43844221105527637
CardCounter,28,0.4381669805398619
Random,54,0.4385194479297365
Random,29,0.438871473354232
CardCounter,41,0.43859649122807015
Random,45,0.43894802755165935
CardCounter,63,0.4386733416770964
CardCounter,36,0.43839899937460913
Random,54,0.43875
CardCounter,30,0.438475952529669
CardCounter,61,0.43820224719101125
Random,13,0.438552713661884
Random,242,0.4389027431421446
CardCounter,24,0.4386292834890966
CardCounter,61,0.4383561643835616
CardCounter,20,0.43808338518979467
Random,94,0.43843283582089554
Random,63,0.4387818520820385
Random,56,0.4391304347826087
Random,41,0.43947858472998136
Random,10,0.43982630272952855
CardCounter,16,0.43955362678239307
CardCounter,27,0.4392812887236679
Random,37,0.43962848297213625
CardCounter,7,0.43935643564356436
Random,21,0.4397031539888683
Random,30,0.4400494437577256
Random,49,0.4403953057442866
CardCounter,11,0.44012345679012344
Random,61,0.4404688463911166
CardCounter,49,0.4401972872996301
CardCounter,18,0.4399260628465804
CardCounter,17,0.4396551724137931
CardCounter,20,0.4393846153846154
CardCounter,37,0.43911439114391143
CardCounter,46,0.4388444990780578
CardCounter,13,0.43857493857493857
Random,15,0.4389195825659914
CardCounter,27,0.4386503067484663
Random,17,0.43899448191293683
Random,40,0.43933823529411764
Random,69,0.4396815676668708
Random,150,0.44002447980416154
CardCounter,14,0.4397553516819572
CardCounter,19,0.4394865525672372
CardCounter,34,0.4392180818570556
CardCounter,75,0.43894993894993894
Random,27,0.43929225137278827
CardCounter,13,0.43902439024390244
CardCounter,72,0.43875685557586835
CardCounter,89,0.438489646772229
Random,29,0.4388314059646987
CardCounter,73,0.43856447688564476
Random,33,0.4389057750759878
Random,58,0.43924665856622114
Random,35,0.4395871281117183
Random,98,0.4399271844660194
CardCounter,32,0.43966040024257125
CardCounter,9,0.4393939393939394
Random,27,0.43973349485160507
Random,36,0.4400726392251816
Random,35,0.44041137326073804
Random,26,0.4407496977025393
CardCounter,14,0.4404833836858006
Random,34,0.44082125603864736
CardCounter,44,0.4405552202776101
CardCounter,43,0.44028950542822676
CardCounter,36,0.44002411091018684
Random,62,0.4403614457831325
CardCounter,26,0.44009632751354605
CardCounter,43,0.4398315282791817
Random,17,0.4401683704149128
CardCounter,23,0.43990384615384615
CardCounter,14,0.43963963963963965
Random,12,0.4399759903961585
CardCounter,26,0.4397120575884823
Random,22,0.44004796163069543
Random,37,0.4403834631515878
Random,100,0.4407185628742515
Random,13,0.44105326152004787
Random,32,0.44138755980861244
Random,11,0.44172145845786015
Random,34,0.44205495818399043
Random,15,0.44238805970149253
CardCounter,21,0.44212410501193317
CardCounter,14,0.4418604651162791
Random,14,0.44219308700834326
Random,41,0.4425253126861227
CardCounter,11,0.44226190476190474
CardCounter,82,0.44199881023200477
CardCounter,33,0.4417360285374554
CardCounter,84,0.4414735591206179
Random,78,0.4418052256532066
Random,27,0.4421364985163205
CardCounter,13,0.44187425860023727
Random,27,0.44220509780675754
Random,16,0.4425355450236967
Random,61,0.4428656009473061
Random,66,0.44319526627218936
CardCounter,30,0.4429331756357185
Random,60,0.4432624113475177
CardCounter,46,0.44300059066745423
Random,118,0.4433293978748524
Random,27,0.44365781710914454
Random,92,0.44398584905660377
Random,21,0.44431349440188567
CardCounter,15,0.44405182567726736
CardCounter,10,0.44379046497939967
Random,22,0.4441176470588235
Random,39,0.4444444444444444
CardCounter,73,0.44418331374853115
Random,47,0.4445096887844979
CardCounter,15,0.4442488262910798
CardCounter,26,0.4439882697947214
Random,32,0.44431418522860494
Random,35,0.4446397188049209
CardCounter,23,0.44437939110070257
CardCounter,24,0.4441193680514921
CardCounter,13,0.443859649122807
CardCounter,22,0.4436002337814144
CardCounter,11,0.4433411214953271
CardCounter,20,0.44308231173380036
CardCounter,9,0.4428238039673279
CardCounter,58,0.4425655976676385
Random,10,0.4428904428904429
Random,111,0.44321490972626676
Random,50,0.4435389988358556
Random,25,0.44386271087841767
CardCounter,61,0.4436046511627907
Random,21,0.4439279488669378
Random,42,0.4442508710801394
CardCounter,24,0.4439930354033662
Random,16,0.4443155452436195
Random,41,0.4446376811594203
CardCounter,33,0.4443800695249131
Random,93,0.44470179502026635
CardCounter,67,0.4444444444444444
CardCounter,14,0.4441873915558126
Random,84,0.44450867052023124
CardCounter,38,0.4442518775274408
CardCounter,53,0.44399538106235564
Random,17,0.44431621465666477
CardCounter,19,0.44405997693194926
Random,75,0.4443804034582133
CardCounter,167,0.4441244239631336
Random,65,0.4444444444444444
CardCounter,127,0.4441887226697353
Random,11,0.4445083381253594
CardCounter,11,0.4442528735632184
CardCounter,26,0.44399770246984493
CardCounter,73,0.44374282433983925
CardCounter,22,0.4434882386689616
CardCounter,55,0.44323394495412843
Random,99,0.44355300859598856
Random,18,0.4438717067583047
CardCounter,18,0.44361763022323986
CardCounter,73,0.44336384439359267
Random,39,0.44368210405946257
Random,28,0.444
CardCounter,18,0.4437464306110794
Random,14,0.4440639269406393
CardCounter,34,0.44381061038220193
CardCounter,55,0.443557582668187
CardCounter,18,0.4433048433048433
CardCounter,19,0.4430523917995444
CardCounter,10,0.4428002276607854
Random,18,0.4431171786120592
Random,59,0.4434337691870381
CardCounter,25,0.4431818181818182
Random,13,0.44349801249290177
Random,16,0.4438138479001135
CardCounter,24,0.443562110039705
Random,20,0.44387755102040816
CardCounter,72,0.44362606232294616
CardCounter,13,0.4433748584371461
Random,35,0.44368986983588005
CardCounter,19,0.4434389140271493
Random,35,0.4437535330695308
CardCounter,23,0.4435028248587571
Random,17,0.4438170525127047
CardCounter,27,0.4435665914221219
CardCounter,32,0.4433164128595601
CardCounter,39,0.44306651634723787
CardCounter,38,0.4428169014084507
Random,50,0.44313063063063063
CardCounter,38,0.4428812605514913
CardCounter,63,0.44263217097862767
CardCounter,26,0.4423833614390107
CardCounter,23,0.44213483146067417
CardCounter,22,0.44188658057271196
CardCounter,25,0.44163860830527496
Random,45,0.44195176668536174
CardCounter,17,0.44170403587443946
CardCounter,45,0.4414565826330532
CardCounter,57,0.4412094064949608
Random,65,0.44152210408505876
Random,14,0.441834451901566
CardCounter,24,0.44158747903856904
CardCounter,17,0.441340782122905
Random,11,0.4416527079843663
Random,84,0.4419642857142857
CardCounter,46,0.44171779141104295
Random,56,0.4420289855072464
Random,27,0.4423398328690808
Random,64,0.44265033407572385
CardCounter,42,0.44240400667779634
CardCounter,7,0.4421579532814238
CardCounter,14,0.44191217342968314
Random,34,0.44222222222222224
Random,13,0.4425319267073848
Random,24,0.4428412874583796
Random,15,0.44315030504714364
Random,18,0.4434589800443459
Random,33,0.4437673130193906
CardCounter,27,0.4435215946843854
CardCounter,90,0.44327614831211953
CardCounter,19,0.4430309734513274
Random,59,0.443338861249309
CardCounter,173,0.4430939226519337
Random,21,0.44340143567090007
CardCounter,17,0.4431567328918322
CardCounter,16,0.4429123000551572
Random,18,0.4432194046306505
Random,27,0.44352617079889806
Random,24,0.44383259911894274
Random,35,0.4441386901485966
Random,14,0.4444444444444444
Random,25,0.4447498625618472
Random,26,0.44505494505494503
Random,117,0.4453596924766612
CardCounter,25,0.4451152579582876
Random,79,0.4454196379594076
CardCounter,19,0.4451754385964912
CardCounter,14,0.4449315068493151
Random,62,0.4452354874041621
Random,17,0.4455391351943076
CardCounter,17,0.44529540481400437
CardCounter,14,0.44505194095133954
CardCounter,17,0.4448087431693989
CardCounter,24,0.4445658110322228
Random,140,0.44486899563318777
CardCounter,16,0.44462629569012546
CardCounter,13,0.44438386041439476
CardCounter,28,0.444141689373297
Random,57,0.4444444444444444
CardCounter,14,0.4442025040827436
CardCounter,17,0.4439608269858542
Random,31,0.44426318651441
Random,16,0.44456521739130433
Random,39,0.4448669201520912
CardCounter,13,0.44462540716612375
Random,97,0.4449267498643516
Random,18,0.4452277657266811
Random,17,0.44552845528455287
Random,56,0.44582881906825567
Random,71,0.44612885760693016
CardCounter,41,0.4458874458874459
CardCounter,18,0.4456462952947539
CardCounter,17,0.4454054054054054
CardCounter,82,0.4451647757968666
Random,22,0.4454643628509719
Random,41,0.44576362655153806
CardCounter,23,0.44552319309600863
Random,23,0.445822102425876
Random,30,0.44612068965517243
Random,77,0.4464189553042542
CardCounter,43,0.4461786867599569
CardCounter,10,0.4459386767079075
Random,30,0.44623655913978494
CardCounter,26,0.445996775926921
Random,90,0.4462943071965628
CardCounter,28,0.44605475040257647
CardCounter,39,0.4458154506437768
CardCounter,14,0.4455764075067024
CardCounter,13,0.4453376205787781
CardCounter,12,0.4450990894483128
CardCounter,55,0.44486081370449676
CardCounter,30,0.4446227929373997
CardCounter,25,0.4443850267379679
CardCounter,22,0.44414751469802244
CardCounter,19,0.4439102564102564
Random,11,0.4442071542979178
CardCounter,24,0.4439701173959445
Random,51,0.44426666666666664
CardCounter,13,0.44402985074626866
Random,49,0.444326052210975
CardCounter,25,0.4440894568690096
Random,33,0.44438531133581693
Random,34,0.44468085106382976
Random,9,0.4449760765550239
CardCounter,49,0.4447396386822529
CardCounter,50,0.4445034519383962
CardCounter,17,0.4442675159235669
Random,47,0.4445623342175066
Random,34,0.44485683987274655
CardCounter,36,0.4446210916799152
Random,14,0.4449152542372881
Random,13,0.4452091053467443
Random,20,0.4455026455026455
Random,19,0.44579587519830777
CardCounter,13,0.4455602536997886
Random,23,0.44585314315900687
Random,64,0.4461457233368532
CardCounter,18,0.44591029023746703
CardCounter,19,0.4456751054852321
CardCounter,20,0.44544016868740116
Random,12,0.4457323498419389
Random,35,0.4460242232754081
Random,96,0.4463157894736842
CardCounter,14,0.4460810099947396
CardCounter,17,0.4458464773922187
CardCounter,50,0.44561219127693114
Random,26,0.44590336134453784
Random,13,0.4461942257217848
Random,36,0.44648478488982163
CardCounter,56,0.44625065547981124
CardCounter,31,0.4460167714884696
Random,17,0.4463069669984285
Random,20,0.44659685863874343
Random,45,0.4468864468864469
Random,34,0.44717573221757323
Random,87,0.4474647151071615
CardCounter,35,0.44723092998955066
CardCounter,38,0.44699738903394254
Random,34,0.447286012526096
Random,23,0.4475743348982786
CardCounter,35,0.4473409801876955
Random,20,0.44762897342365815
CardCounter,31,0.4473958333333333
Random,13,0.44768349817803227
Random,24,0.44797086368366285
Random,93,0.44825793031721267
CardCounter,81,0.448024948024948
CardCounter,26,0.4477922077922078
CardCounter,87,0.4475597092419522
CardCounter,70,0.44732745199792423
Random,16,0.44761410788381745
Random,43,0.447900466562986
Random,18,0.4481865284974093
Random,17,0.4484722941481098
Random,14,0.44875776397515527
Random,17,0.4490429384376617
CardCounter,75,0.44881075491209926
Random,21,0.44909560723514214
CardCounter,15,0.44886363636363635
CardCounter,32,0.4486319050077439
CardCounter,13,0.4484004127966976
Random,23,0.4486848891181021
Random,60,0.44896907216494847
Random,31,0.44925296239052037
CardCounter,63,0.4490216271884655
Random,113,0.44930519814719505
Random,24,0.4495884773662551
CardCounter,20,0.4493573264781491
Random,38,0.44964028776978415
CardCounter,32,0.44940934771443247
CardCounter,49,0.4491786447638604
CardCounter,40,0.44894817855310415
Random,52,0.4492307692307692
Random,37,0.44951307022039977
CardCounter,71,0.4492827868852459
Random,67,0.4495647721454173
CardCounter,35,0.44933469805527126
Random,23,0.449616368286445
CardCounter,37,0.4493865030674847
CardCounter,20,0.44915687276443533
Random,22,0.449438202247191
CardCounter,32,0.4492087799897907
CardCounter,31,0.4489795918367347
CardCounter,22,0.4487506374298827
Random,44,0.4490316004077472
CardCounter,20,0.4488028527763627
Random,26,0.44908350305498984
Random,27,0.4493638676844784
CardCounter,19,0.4491353001017294
Random,67,0.4494153533299441
Random,24,0.4496951219512195
CardCounter,32,0.4494667343829355
CardCounter,63,0.44923857868020306
CardCounter,52,0.4490106544901065
Random,16,0.44929006085192696
Random,27,0.44956918398378104
CardCounter,27,0.4493414387031408
Random,23,0.44962025316455695
Random,20,0.4498987854251012
CardCounter,38,0.4496712190187152
Random,46,0.4499494438827098
Random,81,0.45022738756947955
CardCounter,13,0.45
CardCounter,30,0.4497728419989904
Random,18,0.450050454086781
CardCounter,26,0.4498234997478568
CardCounter,139,0.4495967741935484
CardCounter,46,0.44937027707808563
CardCounter,31,0.44914400805639476
CardCounter,48,0.4489179667840966
Random,34,0.4491951710261569
CardCounter,14,0.4489693313222725
Random,60,0.4492462311557789
Random,63,0.44952285283776994
Random,28,0.4497991967871486
CardCounter,18,0.44957350727546413
CardCounter,125,0.4493480441323972
CardCounter,38,0.44912280701754387
CardCounter,67,0.44889779559118237
CardCounter,78,0.4486730095142714
Random,22,0.44894894894894893
CardCounter,74,0.4487243621810905
CardCounter,27,0.4485
